{
  "session_id": "855af86d-4707-4d67-94e2-e3d1412b40ff",
  "created_at": 1780402670.59155,
  "last_activity": 1780402670.59155,
  "messages": []
}