{
  "session_id": "c3b38b48-2d75-4f81-bf2a-89f3be07c644",
  "created_at": 1780402128.2067206,
  "last_activity": 1780402128.2067206,
  "messages": []
}