{
  "session_id": "0036ec82-6450-405b-be0d-96c93d5d844f",
  "created_at": 1780399039.3513381,
  "last_activity": 1780399039.3513381,
  "messages": []
}