{
  "session_id": "2de1e93f-f061-4f5f-b4af-3481565d0522",
  "created_at": 1780403056.976241,
  "last_activity": 1780403056.976241,
  "messages": []
}