{
  "session_id": "cb8c16df-1ad8-4227-9e70-aab66d672579",
  "created_at": 1780395252.4664848,
  "last_activity": 1780395252.4664848,
  "messages": []
}