{
  "session_id": "0608bdfc-51ca-4359-8464-b1b96199485b",
  "created_at": 1780399952.004299,
  "last_activity": 1780399952.004299,
  "messages": []
}