{
  "session_id": "cb633c5c-5f0b-4fee-b229-60c89d077216",
  "created_at": 1780394880.9948792,
  "last_activity": 1780394880.9948792,
  "messages": []
}