{
  "session_id": "3ebe7868-e00b-492e-be88-49606451bc77",
  "created_at": 1780403056.9912198,
  "last_activity": 1780403056.9912198,
  "messages": []
}