{
  "session_id": "bc02af36-c8d1-4dc5-9547-70e02e30bc5f",
  "created_at": 1780394116.8160045,
  "last_activity": 1780394116.8160045,
  "messages": []
}