{
  "session_id": "61da1af1-4652-4d1c-8ed8-5f0fee976209",
  "created_at": 1780394855.796263,
  "last_activity": 1780394855.796263,
  "messages": []
}