{
  "session_id": "b1754d96-9aa2-4a1c-b967-a1396989f3ba",
  "created_at": 1780394880.695612,
  "last_activity": 1780394880.695612,
  "messages": []
}