{
  "session_id": "29189135-3b16-41c8-a549-55ffa10865c5",
  "created_at": 1780402122.4515114,
  "last_activity": 1780402122.4515114,
  "messages": []
}