{
  "session_id": "dfdf1290-622f-4773-a6ff-1ecfacb878ba",
  "created_at": 1780394880.9885788,
  "last_activity": 1780394880.9885788,
  "messages": []
}