{
  "session_id": "d3c74910-bd66-45a5-9e95-c668b8726b60",
  "created_at": 1780399951.9812434,
  "last_activity": 1780399951.9812434,
  "messages": []
}