{
  "session_id": "24d2adc1-da8d-4755-aeb8-193d4098dbdc",
  "created_at": 1780394880.6998136,
  "last_activity": 1780394880.6998136,
  "messages": []
}