{
  "session_id": "7c7377d8-3d7e-44c2-8395-fbed57abf011",
  "created_at": 1780403056.6800017,
  "last_activity": 1780403056.6800017,
  "messages": []
}