{
  "session_id": "a3afb0f2-0be5-4611-abd9-7694f5064092",
  "created_at": 1780401602.7845054,
  "last_activity": 1780401602.7845054,
  "messages": []
}