{
  "session_id": "afbd3424-9f36-4e0f-8e97-4a18fa138690",
  "created_at": 1780396857.7410629,
  "last_activity": 1780396857.7410629,
  "messages": []
}