{
  "session_id": "970a8f70-8894-434f-9bc8-76a39da05bc1",
  "created_at": 1780402423.2110546,
  "last_activity": 1780402423.2110546,
  "messages": []
}