{
  "session_id": "de9dc395-73a0-4ee4-a508-f9b328404711",
  "created_at": 1780402395.8529897,
  "last_activity": 1780402395.8529897,
  "messages": []
}