{
  "session_id": "7b2a03c8-41dc-4f3e-9f9e-8beeaadf324d",
  "created_at": 1780402423.2423968,
  "last_activity": 1780402423.2423968,
  "messages": []
}