{
  "session_id": "8743000e-4068-4b6d-b50b-cb5b04fc61ce",
  "created_at": 1780399039.3718207,
  "last_activity": 1780399039.3718207,
  "messages": []
}