{
  "session_id": "7e31192d-2bd6-4c03-af20-7f3de4a9a42f",
  "created_at": 1780402395.8787136,
  "last_activity": 1780402395.8787136,
  "messages": []
}