{
  "session_id": "bc875e94-6778-4d3c-8059-60be93635e0b",
  "created_at": 1780399422.0024052,
  "last_activity": 1780399422.0024052,
  "messages": []
}