{
  "session_id": "ac73e2a1-bbcd-40cb-b2b2-16dc041987d9",
  "created_at": 1780402670.7054098,
  "last_activity": 1780402670.7054098,
  "messages": []
}