{
  "session_id": "f90e14df-4ad1-4db6-9a85-edbfcae20af9",
  "created_at": 1780394855.0895743,
  "last_activity": 1780394855.0895743,
  "messages": []
}