{
  "session_id": "4b2787e0-788f-4e76-9e30-223d5eb5cac7",
  "created_at": 1780402544.225381,
  "last_activity": 1780402544.225381,
  "messages": []
}