{
  "session_id": "81415f2e-599d-420e-9a47-a8c384889137",
  "created_at": 1780399422.0105944,
  "last_activity": 1780399422.0105944,
  "messages": []
}