{
  "session_id": "03e0f05f-5fec-42a1-b201-e71d21c4ef0e",
  "created_at": 1780402671.3169239,
  "last_activity": 1780402671.3169239,
  "messages": []
}