{
  "session_id": "f5c1d1b1-a67e-4d68-b000-ae1d8ba2a476",
  "created_at": 1780402972.8342762,
  "last_activity": 1780402972.8342762,
  "messages": []
}