{
  "session_id": "b8b70be6-830a-4f74-80ee-975b3a53f63e",
  "created_at": 1780402671.3304522,
  "last_activity": 1780402671.3304522,
  "messages": []
}