{
  "session_id": "c9118628-63c8-4850-a9d0-42125f2fef94",
  "created_at": 1780403014.5210667,
  "last_activity": 1780403014.5210667,
  "messages": []
}