{
  "session_id": "0953ef14-da20-4e2a-bcde-d2cfbf92d403",
  "created_at": 1780403014.200444,
  "last_activity": 1780403014.200444,
  "messages": []
}