{
  "session_id": "b2b1c444-13e2-4344-9b8c-9132991be9c7",
  "created_at": 1780395252.4968624,
  "last_activity": 1780395252.4968624,
  "messages": []
}