{
  "session_id": "afe5bb5d-743e-45a4-8c28-d49427a09e2c",
  "created_at": 1780402698.893603,
  "last_activity": 1780402698.893603,
  "messages": []
}