{
  "session_id": "f8197258-9e31-445a-bb40-af85d2defadd",
  "created_at": 1780402396.6423454,
  "last_activity": 1780402396.6423454,
  "messages": []
}