{
  "session_id": "8bade876-c7fc-4609-b28b-d37753b6ea00",
  "created_at": 1780402973.314675,
  "last_activity": 1780402973.314675,
  "messages": []
}