{
  "session_id": "00bace21-a9ab-4472-a454-5de57a9a0048",
  "created_at": 1780402396.638241,
  "last_activity": 1780402396.638241,
  "messages": []
}