{
  "session_id": "38489413-64bf-42e5-98fb-47dc62836b4d",
  "created_at": 1780398752.2222676,
  "last_activity": 1780398752.2222676,
  "messages": []
}