{
  "session_id": "dab9e00e-931c-4946-aa39-bcd85194e25c",
  "created_at": 1780403056.7027338,
  "last_activity": 1780403056.7027338,
  "messages": []
}