{
  "session_id": "5f805f95-00ff-4b11-b9a8-71c1f03c53f7",
  "created_at": 1780394855.1278105,
  "last_activity": 1780394855.1278105,
  "messages": []
}