{
  "session_id": "f20f9fa6-d709-40ce-a660-017f25cd1291",
  "created_at": 1780399379.5308566,
  "last_activity": 1780399379.5308566,
  "messages": []
}