{
  "session_id": "93ea1b5a-c2a6-437b-b080-a3b70dd3d4dc",
  "created_at": 1780402972.8153894,
  "last_activity": 1780402972.8153894,
  "messages": []
}