{
  "session_id": "707608ad-34a6-464b-ad2a-ce1bc37d2119",
  "created_at": 1780402973.314675,
  "last_activity": 1780402973.314675,
  "messages": []
}