{
  "session_id": "4808018c-7947-474d-a4bd-8006e1a6ce4e",
  "created_at": 1780398752.1844864,
  "last_activity": 1780398752.1844864,
  "messages": []
}