{
  "session_id": "16b2d636-29c8-4cee-8c3c-66fe1923110f",
  "created_at": 1780394116.8143113,
  "last_activity": 1780394116.8143113,
  "messages": []
}