{
  "session_id": "0f69809f-4f56-4b76-bd35-960fbb743a48",
  "created_at": 1780396857.7679975,
  "last_activity": 1780396857.7679975,
  "messages": []
}