{
  "session_id": "1c2fe93f-f074-40d2-9fbc-05e15ec5ef6b",
  "created_at": 1780399379.518455,
  "last_activity": 1780399379.518455,
  "messages": []
}