{
  "session_id": "73262a4d-90d4-4429-9986-cd69ca911489",
  "created_at": 1780394855.7863226,
  "last_activity": 1780394855.7863226,
  "messages": []
}