{
  "session_id": "1f37d927-9eab-477b-80ab-d10cc02c8bed",
  "created_at": 1780401602.8724034,
  "last_activity": 1780401602.8724034,
  "messages": []
}